city_name,average_fare,average_trip_distance
Jaipur,483.9181,30.0231
Kochi,335.2451,24.0655
Chandigarh,283.687,23.5187
Visakhapatnam,282.6723,22.5539
Mysore,249.7072,16.4969
Indore,179.8386,16.5025
Coimbatore,166.9822,14.9792
Lucknow,147.1804,12.513
Vadodara,118.5662,11.5177
Surat,117.2729,10.9972
