city_name,average_fare,average_trip_distance
Chandigarh,283.6870,23.5187
Coimbatore,166.9822,14.9792
Indore,179.8386,16.5025
Jaipur,483.9181,30.0231
Kochi,335.2451,24.0655
Lucknow,147.1804,12.5130
Mysore,249.7072,16.4969
Surat,117.2729,10.9972
Vadodara,118.5662,11.5177
Visakhapatnam,282.6723,22.5539
